File ID	File Name	Data Category	Data Type	Project ID	Case ID	Sample ID	Tissue Type	Tumor Descriptor	Specimen Type	Preservation Method
ac41ae60-d14c-49d8-b1d8-9681b867272c	4242feb5-687f-4508-a75e-ec1ccd8eff77.wxs.aliquot_ensemble_masked.maf.gz	Simple Nucleotide Variation	Masked Somatic Mutation	CPTAC-3	C3L-01032, C3L-01032	C3L-01032-31, C3L-01032-01	Normal, Tumor	Not Applicable, Primary	Peripheral Blood Components NOS, Solid Tissue	Frozen, Snap Frozen
3df907e7-1bbe-4841-953e-cd739c6fa6fb	aa79ec86-fa93-4f6c-afbf-4b6d386c0723.wxs.aliquot_ensemble_masked.maf.gz	Simple Nucleotide Variation	Masked Somatic Mutation	CPTAC-3	C3L-01032, C3L-01032	C3L-01032-31, C3L-01032-01	Normal, Tumor	Not Applicable, Primary	Peripheral Blood Components NOS, Solid Tissue	Frozen, Snap Frozen
7704860f-b411-4fde-a4de-9f54361440a5	6a9b3c9b-3ff5-407c-95e4-056906c18c4d.wxs.aliquot_ensemble_masked.maf.gz	Simple Nucleotide Variation	Masked Somatic Mutation	CPTAC-3	C3L-01032, C3L-01032	C3L-01032-31, C3L-01032-01	Normal, Tumor	Not Applicable, Primary	Peripheral Blood Components NOS, Solid Tissue	Frozen, Snap Frozen
2ffb651a-de5a-43a1-a576-fe13fbdefadc	2ae5518e-28dc-4d5b-8ace-1b1c36730730.wxs.aliquot_ensemble_masked.maf.gz	Simple Nucleotide Variation	Masked Somatic Mutation	CPTAC-3	C3L-02900, C3L-02900	C3L-02900-31, C3L-02900-01	Normal, Tumor	Not Applicable, Primary	Peripheral Blood Components NOS, Solid Tissue	Frozen, Snap Frozen
2cc91bc4-afb9-4c95-92a2-8b669afa490c	86079a24-ef2d-41a1-b275-99c7dc0cbb34.wxs.aliquot_ensemble_masked.maf.gz	Simple Nucleotide Variation	Masked Somatic Mutation	CPTAC-3	C3N-01892, C3N-01892	C3N-01892-31, C3N-01892-09	Normal, Tumor	Not Applicable, Primary	Peripheral Blood Components NOS, Solid Tissue	Frozen, Snap Frozen
2d4b88d1-bda6-4eba-9255-5b1394a8a46d	c7b5b4a0-1bd7-4139-b03f-15ff3a4e5637.wxs.aliquot_ensemble_masked.maf.gz	Simple Nucleotide Variation	Masked Somatic Mutation	CPTAC-3	C3N-00154, C3N-00154	C3N-00154-31, C3N-00154-04	Normal, Tumor	Not Applicable, Primary	Peripheral Blood Components NOS, Solid Tissue	Frozen, Snap Frozen
badd1291-6396-4852-9d5d-6d6647256243	5fec35e7-f950-4eb8-a641-01083d5a3a5c.wxs.aliquot_ensemble_masked.maf.gz	Simple Nucleotide Variation	Masked Somatic Mutation	CPTAC-3	C3N-02765, C3N-02765	C3N-02765-71, C3N-02765-02	Normal, Tumor	Not Applicable, Primary	Peripheral Blood NOS, Solid Tissue	Frozen, Snap Frozen
1d09ca61-1e9a-49ef-9691-a75318f593f8	43f8e493-1d9b-4d98-ae74-16f1674243ce.wxs.aliquot_ensemble_masked.maf.gz	Simple Nucleotide Variation	Masked Somatic Mutation	CPTAC-3	C3N-02765, C3N-02765	C3N-02765-71, C3N-02765-02	Normal, Tumor	Not Applicable, Primary	Peripheral Blood NOS, Solid Tissue	Frozen, Snap Frozen
a8a1d21a-53ce-4978-a845-afe2cf26bd23	0af6630d-fdd0-4c86-90c4-a6186e620fc9.wxs.aliquot_ensemble_masked.maf.gz	Simple Nucleotide Variation	Masked Somatic Mutation	CPTAC-3	C3N-02765, C3N-02765	C3N-02765-71, C3N-02765-02	Normal, Tumor	Not Applicable, Primary	Peripheral Blood NOS, Solid Tissue	Frozen, Snap Frozen
404ccaee-7f9c-45c0-822a-5e2791e706d2	b6d14c3f-dec5-44fa-969f-9a4ec20c9aa9.wxs.aliquot_ensemble_masked.maf.gz	Simple Nucleotide Variation	Masked Somatic Mutation	CPTAC-3	C3N-01217, C3N-01217	C3N-01217-71, C3N-01217-01	Normal, Tumor	Not Applicable, Primary	Peripheral Blood Components NOS, Solid Tissue	Frozen, Snap Frozen
69465385-b576-43d1-8f32-899bc75f7706	39ba194d-43ac-4e96-8419-17d1f35c0b02.wxs.aliquot_ensemble_masked.maf.gz	Simple Nucleotide Variation	Masked Somatic Mutation	CPTAC-3	C3N-02145, C3N-02145, C3N-02145	C3N-02145-31, C3N-02145-03, C3N-02145-71	Normal, Tumor, Normal	Not Applicable, Primary, Not Applicable	Peripheral Blood Components NOS, Solid Tissue, Peripheral Blood Components NOS	Frozen, Snap Frozen, Frozen
b9c3d268-5a21-450a-87fa-7194d0f3700d	fc2ab8e2-63b5-48c6-b541-ff1e4ea3704a.wxs.aliquot_ensemble_masked.maf.gz	Simple Nucleotide Variation	Masked Somatic Mutation	CPTAC-3	C3L-00812, C3L-00812	C3L-00812-31, C3L-00812-01	Normal, Tumor	Not Applicable, Primary	Peripheral Blood Components NOS, Solid Tissue	Frozen, Snap Frozen
10c142d8-75fc-4a43-8a53-dac979f16f0b	c7cdb212-383f-4002-b49c-add03fb98173.wxs.aliquot_ensemble_masked.maf.gz	Simple Nucleotide Variation	Masked Somatic Mutation	CPTAC-3	C3L-04269, C3L-04269, C3L-04269, C3L-04269	C3L-04269-51, C3L-04269-54, C3L-04269-52, C3L-04269-50	Normal, Tumor, Normal, Normal	Not Applicable, Primary, Not Applicable, Not Applicable	Buccal Cells, Peripheral Whole Blood, Buccal Cells, Buccal Cells	Frozen, Frozen, Frozen, Frozen
92360e0f-889d-4c4e-9f6a-4ee29800a0ff	46f841a2-133f-41e9-aea4-4b8ebd3273d3.wxs.aliquot_ensemble_masked.maf.gz	Simple Nucleotide Variation	Masked Somatic Mutation	CPTAC-3	C3N-00579, C3N-00579	C3N-00579-71, C3N-00579-02	Normal, Tumor	Not Applicable, Primary	Peripheral Blood Components NOS, Solid Tissue	Frozen, Snap Frozen
e8b6ec05-bae7-4682-8dcd-0c77752e2679	3852bcf3-1696-45cd-8442-327dcd2d3ced.wxs.aliquot_ensemble_masked.maf.gz	Simple Nucleotide Variation	Masked Somatic Mutation	CPTAC-3	C3N-00177, C3N-00177	C3N-00177-01, C3N-00177-31	Tumor, Normal	Primary, Not Applicable	Solid Tissue, Peripheral Blood Components NOS	Snap Frozen, Frozen
7242e926-4e57-41b4-a34f-1af1177147d7	72b579d8-d69c-454b-8468-fd78005598d6.wxs.aliquot_ensemble_masked.maf.gz	Simple Nucleotide Variation	Masked Somatic Mutation	CPTAC-3	C3N-03021, C3N-03021	C3N-03021-01, C3N-03021-31	Tumor, Normal	Primary, Not Applicable	Solid Tissue, Peripheral Blood Components NOS	Snap Frozen, Frozen
18520659-fef2-471e-a706-37757b9ab76d	f8224ade-c5e1-4d08-83b7-e9ee5a86af37.wxs.aliquot_ensemble_masked.maf.gz	Simple Nucleotide Variation	Masked Somatic Mutation	CPTAC-3	C3N-02375, C3N-02375, C3N-02375	C3N-02375-02, C3N-02375-01, C3N-02375-71	Tumor, Tumor, Normal	Primary, Primary, Not Applicable	Solid Tissue, Solid Tissue, Peripheral Blood Components NOS	Snap Frozen, Snap Frozen, Frozen
cf2dbe4e-6618-4bf2-982e-296308d9ece9	13d84c68-eb28-4192-a77b-e5593717d807.wxs.aliquot_ensemble_masked.maf.gz	Simple Nucleotide Variation	Masked Somatic Mutation	CPTAC-3	C3N-04100, C3N-04100	C3N-04100-02, C3N-04100-31	Tumor, Normal	Primary, Not Applicable	Solid Tissue, Peripheral Blood Components NOS	Snap Frozen, Frozen
9b88744e-b833-4a8d-b68b-bbd0c208557a	b1f6cfd8-3daf-44cc-912c-194f3e82ece0.wxs.aliquot_ensemble_masked.maf.gz	Simple Nucleotide Variation	Masked Somatic Mutation	CPTAC-3	C3L-04339, C3L-04339	C3L-04339-31, C3L-04339-01	Normal, Tumor	Not Applicable, Primary	Peripheral Blood Components NOS, Solid Tissue	Frozen, Snap Frozen
02204dcb-74d3-4dbb-bea0-9f17602f2881	65182269-a0cb-495f-ad07-d9a8d67d5ed3.wxs.aliquot_ensemble_masked.maf.gz	Simple Nucleotide Variation	Masked Somatic Mutation	CPTAC-3	C3N-02265, C3N-02265	C3N-02265-01, C3N-02265-31	Tumor, Normal	Primary, Not Applicable	Solid Tissue, Peripheral Blood Components NOS	Snap Frozen, Frozen
35f162dc-db20-4107-8d52-f3524b423936	9db8422d-a671-44ec-bc5f-85e32034d826.wxs.aliquot_ensemble_masked.maf.gz	Simple Nucleotide Variation	Masked Somatic Mutation	CPTAC-3	C3N-03839, C3N-03839, C3N-03839, C3N-03839	C3N-03839-05, C3N-03839-31, C3N-03839-02, C3N-03839-01	Tumor, Normal, Tumor, Tumor	Primary, Not Applicable, Primary, Primary	Solid Tissue, Peripheral Blood Components NOS, Solid Tissue, Solid Tissue	Snap Frozen, Frozen, Snap Frozen, Snap Frozen
5bbe93db-b2c0-4a86-bb0a-1f49e0008fb1	df3ccc77-69a9-4ae1-84ff-b8689cdd6d85.wxs.aliquot_ensemble_masked.maf.gz	Simple Nucleotide Variation	Masked Somatic Mutation	CPTAC-3	C3N-00494, C3N-00494	C3N-00494-31, C3N-00494-04	Normal, Tumor	Not Applicable, Primary	Peripheral Blood Components NOS, Solid Tissue	Frozen, Snap Frozen
689c66c0-3764-4a8a-9839-254f723d97eb	91cee412-ce96-4a69-a9b8-afa4ef5a1144.wxs.aliquot_ensemble_masked.maf.gz	Simple Nucleotide Variation	Masked Somatic Mutation	CPTAC-3	C3N-00494, C3N-00494, C3N-00494	C3N-00494-31, C3N-00494-02, C3N-00494-03	Normal, Tumor, Tumor	Not Applicable, Primary, Primary	Peripheral Blood Components NOS, Solid Tissue, Solid Tissue	Frozen, Snap Frozen, Snap Frozen
8c5d4c01-84f4-4c7f-aca4-6169574d7dbd	401ace2d-0153-42be-9894-ee515b9ad047.wxs.aliquot_ensemble_masked.maf.gz	Simple Nucleotide Variation	Masked Somatic Mutation	CPTAC-3	C3N-00577, C3N-00577	C3N-00577-71, C3N-00577-01	Normal, Tumor	Not Applicable, Primary	Peripheral Blood Components NOS, Solid Tissue	Frozen, Snap Frozen
38857795-d4d0-48d8-a3c5-929b5be23417	30848265-8aa9-4178-8a89-a80e36d5f62b.wxs.aliquot_ensemble_masked.maf.gz	Simple Nucleotide Variation	Masked Somatic Mutation	CPTAC-3	C3N-00494, C3N-00494	C3N-00494-31, C3N-00494-01	Normal, Tumor	Not Applicable, Primary	Peripheral Blood Components NOS, Solid Tissue	Frozen, Snap Frozen
16f7dbb3-baa4-41f9-9fe1-30e8ff0dec7a	2fc4a0f7-0e3c-4b9b-a3a8-ca46dcba619b.wxs.aliquot_ensemble_masked.maf.gz	Simple Nucleotide Variation	Masked Somatic Mutation	CPTAC-3	C3N-00577, C3N-00577	C3N-00577-71, C3N-00577-03	Normal, Tumor	Not Applicable, Primary	Peripheral Blood Components NOS, Solid Tissue	Frozen, Snap Frozen
76a48682-36fd-47a9-ac70-f313e552e3d0	35b24497-f6ab-41a6-93ed-1de980abcc7e.wxs.aliquot_ensemble_masked.maf.gz	Simple Nucleotide Variation	Masked Somatic Mutation	CPTAC-3	C3L-05892, C3L-05892, C3L-05892, C3L-05892	C3L-05892-50, C3L-05892-54, C3L-05892-52, C3L-05892-51	Normal, Tumor, Normal, Normal	Not Applicable, Primary, Not Applicable, Not Applicable	Buccal Cells, Whole Bone Marrow, Buccal Cells, Buccal Cells	Frozen, Frozen, Frozen, Frozen
653fa983-3881-41ce-9d08-e4e2066b7bf9	c1265ece-37c4-4be5-b511-9ae0d678a178.wxs.aliquot_ensemble_masked.maf.gz	Simple Nucleotide Variation	Masked Somatic Mutation	CPTAC-3	C3L-00097, C3L-00097	C3L-00097-31, C3L-00097-01	Normal, Tumor	Not Applicable, Primary	Peripheral Blood Components NOS, Solid Tissue	Frozen, Snap Frozen
a8922d7b-7d50-4e90-8b3e-945685977416	8ba51e4b-ec68-4849-890d-d366a96425b4.wxs.aliquot_ensemble_masked.maf.gz	Simple Nucleotide Variation	Masked Somatic Mutation	CPTAC-3	C3L-01155, C3L-01155, C3L-01155	C3L-01155-02, C3L-01155-31, C3L-01155-01	Tumor, Normal, Tumor	Primary, Not Applicable, Primary	Solid Tissue, Peripheral Blood Components NOS, Solid Tissue	Snap Frozen, Frozen, Snap Frozen
696c7856-8c91-48b7-98d0-9ff72268a535	54883a2d-ddac-4334-abd6-bca2c1927d7d.wxs.aliquot_ensemble_masked.maf.gz	Simple Nucleotide Variation	Masked Somatic Mutation	CPTAC-3	C3L-04539, C3L-04539	C3L-04539-01, C3L-04539-31	Tumor, Normal	Primary, Not Applicable	Solid Tissue, Peripheral Blood Components NOS	Snap Frozen, Frozen
4682745d-a518-4358-855c-89a10b33d7e2	db051d09-b184-4580-8525-1378ea1684a1.wxs.aliquot_ensemble_masked.maf.gz	Simple Nucleotide Variation	Masked Somatic Mutation	CPTAC-3	C3L-02350, C3L-02350	C3L-02350-02, C3L-02350-31	Tumor, Normal	Primary, Not Applicable	Solid Tissue, Peripheral Blood Components NOS	Snap Frozen, Frozen
9875b34a-56aa-4e73-9d46-a5cc7a515bde	e95e2ded-a7ce-4f84-82fc-55e3d5cac2a0.wxs.aliquot_ensemble_masked.maf.gz	Simple Nucleotide Variation	Masked Somatic Mutation	CPTAC-3	C3N-03792, C3N-03792	C3N-03792-01, C3N-03792-31	Tumor, Normal	Primary, Not Applicable	Solid Tissue, Peripheral Blood Components NOS	Snap Frozen, Frozen
1c27d8fb-5b81-4999-9fd8-7d790d7034a9	54968ba5-4e18-4625-aa71-e0181df9c141.wxs.aliquot_ensemble_masked.maf.gz	Simple Nucleotide Variation	Masked Somatic Mutation	CPTAC-3	C3L-06538, C3L-06538, C3L-06538, C3L-06538	C3L-06538-51, C3L-06538-52, C3L-06538-53, C3L-06538-54	Normal, Normal, Normal, Tumor	Not Applicable, Not Applicable, Not Applicable, Primary	Buccal Cells, Buccal Cells, Buccal Cells, Whole Bone Marrow	Frozen, Frozen, Frozen, Frozen
846bc9dd-4256-48e2-8ee5-bb88f4875c47	016b9b25-3009-4ba5-b0f8-1e434cf96a91.wxs.aliquot_ensemble_masked.maf.gz	Simple Nucleotide Variation	Masked Somatic Mutation	CPTAC-3	C3N-01656, C3N-01656	C3N-01656-31, C3N-01656-01	Normal, Tumor	Not Applicable, Primary	Peripheral Blood Components NOS, Solid Tissue	Frozen, Snap Frozen
76f91bbd-4bc4-4e6f-9e12-55d3e84ecec6	f625b95a-6305-405c-8df5-8719001561ca.wxs.aliquot_ensemble_masked.maf.gz	Simple Nucleotide Variation	Masked Somatic Mutation	CPTAC-3	C3L-06357, C3L-06357, C3L-06357, C3L-06357	C3L-06357-51, C3L-06357-52, C3L-06357-54, C3L-06357-50	Normal, Normal, Tumor, Normal	Not Applicable, Not Applicable, Primary, Not Applicable	Buccal Cells, Buccal Cells, Whole Bone Marrow, Buccal Cells	Frozen, Frozen, Frozen, Frozen
5c9d4cef-7a03-4288-875c-a5a601c7a5df	61fd1d81-6bed-4f30-8688-c9b28e5bd118.wxs.aliquot_ensemble_masked.maf.gz	Simple Nucleotide Variation	Masked Somatic Mutation	CPTAC-3	C3L-00446, C3L-00446	C3L-00446-31, C3L-00446-01	Normal, Tumor	Not Applicable, Primary	Peripheral Blood Components NOS, Solid Tissue	Frozen, Snap Frozen
8b290334-05dd-4d1b-83a8-33912f47489c	dbb20bb5-4ea5-45ee-8a91-24e2a708e920.wxs.aliquot_ensemble_masked.maf.gz	Simple Nucleotide Variation	Masked Somatic Mutation	CPTAC-3	C3L-02802, C3L-02802	C3L-02802-31, C3L-02802-02	Normal, Tumor	Not Applicable, Primary	Peripheral Blood Components NOS, Solid Tissue	Frozen, Snap Frozen
0b6423af-a509-4b76-92da-59b4e4f07b7d	8a753b23-6b75-41d3-b3c2-26965ec09b00.wxs.aliquot_ensemble_masked.maf.gz	Simple Nucleotide Variation	Masked Somatic Mutation	CPTAC-3	C3N-03061, C3N-03061, C3N-03061	C3N-03061-01, C3N-03061-31, C3N-03061-02	Tumor, Normal, Tumor	Primary, Not Applicable, Primary	Solid Tissue, Peripheral Blood Components NOS, Solid Tissue	Snap Frozen, Frozen, Snap Frozen
5ea83494-9850-4332-ab57-4c94082b3799	5f46a0bc-75e3-4330-ac11-b28b6a1f5d25.wxs.aliquot_ensemble_masked.maf.gz	Simple Nucleotide Variation	Masked Somatic Mutation	CPTAC-3	C3L-05816, C3L-05816, C3L-05816, C3L-05816	C3L-05816-53, C3L-05816-51, C3L-05816-54, C3L-05816-52	Normal, Normal, Tumor, Normal	Not Applicable, Not Applicable, Primary, Not Applicable	Buccal Cells, Buccal Cells, Peripheral Whole Blood, Buccal Cells	Frozen, Frozen, Frozen, Frozen
1521a1a5-5e43-47f4-b760-363b7ef6fdf2	e2713050-c0ae-472f-ad62-4d3ccfc93e19.wxs.aliquot_ensemble_masked.maf.gz	Simple Nucleotide Variation	Masked Somatic Mutation	CPTAC-3	C3L-05315, C3L-05315, C3L-05315, C3L-05315	C3L-05315-52, C3L-05315-50, C3L-05315-51, C3L-05315-54	Normal, Normal, Normal, Tumor	Not Applicable, Not Applicable, Not Applicable, Primary	Buccal Cells, Buccal Cells, Buccal Cells, Peripheral Whole Blood	Frozen, Frozen, Frozen, Frozen
